ID,Name,Age
1,Alice,30
2,Bob,35
3,Charlie,40
4,David,25
5,Emma,28
6,Frank,45
7,Grace,32
8,Henry,50
9,Ivy,37
10,Jack,42
11,Kelly,31
12,Leo,38
13,Mia,26
14,Nora,33
15,Oscar,36
16,Penny,41
17,Quinn,29
18,Ryan,46
19,Sophia,39
20,Tyler,34
21,Victoria,27
22,William,44
23,Xavier,47
24,Yara,49
25,Zoe,43
26,Adam,30
27,Bella,35
28,Carter,40
29,Daisy,25
30,Ethan,28
31,Fiona,45
32,Gavin,32
33,Hannah,50
34,Ian,37
35,Jasmine,42
36,Kevin,31
37,Lily,38
38,Mason,26
39,Natalie,33
40,Olivia,36
41,Peter,41
42,Quincy,29
43,Rachel,46
44,Samantha,39
45,Timothy,34
46,Uma,27
47,Violet,44
48,Wyatt,47
49,Xander,49
50,Yasmine,43
51,Zachary,30
52,Amelia,35
53,Benjamin,40
54,Caroline,25
55,Daniel,28
56,Ella,45
57,Felix,32
58,Gabriel,50
59,Hazel,37
60,Isaac,42
61,Jessica,31
62,Kyle,38
63,Luna,26
64,Michael,33
65,Nathan,36
66,Oliver,41
67,Pamela,29
68,Quentin,46
69,Rebecca,39
70,Samuel,34
71,Tiffany,27
72,Ulysses,44
73,Valerie,47
74,Wesley,49
75,Xena,43
76,Yannick,30
77,Zara,35
78,Adam,40
79,Bella,25
80,Carter,28
81,Daisy,45
82,Ethan,32
83,Fiona,50
84,Gavin,37
85,Hannah,42
86,Ian,31
87,Jasmine,38
88,Kevin,26
89,Lily,33
90,Mason,36
91,Natalie,41
92,Olivia,29
93,Peter,46
94,Quincy,39
95,Rachel,34
96,Samantha,27
97,Timothy,44
98,Uma,47
99,Violet,49
100,Wyatt,43
